Current_User,Picture,Rating
7,"('photo_image_url',)",1.0
9,"('https://images.unsplash.com/uploads/14119492946973137ce46/f1f2ebf3',)",0.5
7,"('https://images.unsplash.com/photo-1416339411116-62e1226aacd8',)",1.0
3,"('https://images.unsplash.com/photo-1420142515034-86cc8c508475',)",0.5
7,"('https://images.unsplash.com/photo-1414872809883-7620d2ae7566',)",2.0
2,"('https://images.unsplash.com/photo-1417007594043-344e0104c3ce',)",2.0
6,"('https://images.unsplash.com/uploads/1411476843343e89a8f76/bda95c47',)",1.0
10,"('https://images.unsplash.com/reserve/m6rT4MYFQ7CT8j9m2AEC_JakeGivens%20-%20Sunset%20in%20the%20Park.JPG',)",0.5
8,"('https://images.unsplash.com/photo-1428550670225-15f007f6f1ba',)",1.5
9,"('https://images.unsplash.com/photo-1429270958905-78f90e2dca75',)",2.5
5,"('https://images.unsplash.com/photo-1433018705870-ecc677a093f2',)",1.0
1,"('https://images.unsplash.com/photo-1430826032205-b84a31521ea6',)",0.5
5,"('https://images.unsplash.com/photo-1433621611134-008713dc0321',)",0.5
5,"('https://images.unsplash.com/photo-1436891620584-47fd0e565afb',)",2.5
4,"('https://images.unsplash.com/photo-1445264760308-f80de105f42d',)",1.5
5,"('https://images.unsplash.com/photo-1446376271024-d83b7f98ed83',)",2.5
9,"('https://images.unsplash.com/photo-1448988301245-000401bb1ee7',)",2.5
4,"('https://images.unsplash.com/photo-1455655100973-2a0d5f567386',)",0.5
9,"('https://images.unsplash.com/photo-1415353115981-9bb4c22bafed',)",0.5
7,"('https://images.unsplash.com/photo-1421992617193-7ce245f5cb08',)",0.0
2,"('https://images.unsplash.com/photo-1415912364061-78a25859c0fa',)",1.5
5,"('https://images.unsplash.com/reserve/mW95rWmYSRe4nTMVaRaW_French-Mountain.jpg',)",0.5
3,"('https://images.unsplash.com/reserve/l48Eloe0RGm3l0OQfHNd_13112213395_dbe69fe6de_o.jpg',)",1.0
10,"('https://images.unsplash.com/photo-1433030447984-21d24eb0c5ba',)",1.0
7,"('https://images.unsplash.com/photo-1431576882097-3c68310a480f',)",2.5
1,"('https://images.unsplash.com/photo-1431321327469-8f1a5e7afc6a',)",1.5
6,"('https://images.unsplash.com/photo-1437149310981-0f2690a6069d',)",0.5
6,"('https://images.unsplash.com/photo-1436377734980-0ee004df570b',)",1.0
1,"('https://images.unsplash.com/photo-1440524897680-0d6613af4ca3',)",1.0
2,"('https://images.unsplash.com/photo-1441906551230-a0352e3dbcd9',)",1.5
4,"('https://images.unsplash.com/photo-1445122734110-5ccd170eded6',)",2.5
6,"('https://images.unsplash.com/photo-1444210971048-6130cf0c46cf',)",2.5
3,"('https://images.unsplash.com/photo-1445249310874-ddfd23018ee3',)",0.5
5,"('https://images.unsplash.com/photo-1458682375064-2970d354b9bd',)",1.5
9,"('https://images.unsplash.com/photo-1456973336295-46fc683d4276',)",2.5
8,"('https://images.unsplash.com/photo-1462834254122-801b9e967783',)",2.5
10,"('https://images.unsplash.com/photo-1471899236350-e3016bf1e69e',)",0.5
10,"('https://images.unsplash.com/photo-1473073826085-dafe61d85c04',)",0.0
9,"('https://images.unsplash.com/photo-1475500992832-e9aabbe88168',)",1.5
1,"('https://images.unsplash.com/photo-1480429186140-9a4af08f827c',)",2.5
4,"('https://images.unsplash.com/photo-1486393418071-83cd9b65f9e8',)",0.5
6,"('https://images.unsplash.com/photo-1486895756674-b48b9b2eacf3',)",2.5
9,"('https://images.unsplash.com/photo-1492683513054-55277abccd99',)",1.0
4,"('https://images.unsplash.com/photo-1495890467381-2eba2c4c48b2',)",0.0
6,"('https://images.unsplash.com/photo-1495401653488-227df3698efa',)",0.5
10,"('https://images.unsplash.com/photo-1496421516509-6f6df8495edd',)",2.0
2,"('https://images.unsplash.com/photo-1500327324249-e434c1bfdfab',)",2.0
9,"('https://images.unsplash.com/photo-1503343870946-44cccad5de1b',)",0.5
8,"('https://images.unsplash.com/photo-1502977249166-824b3a8a4d6d',)",1.0
10,"('https://images.unsplash.com/photo-1503925008906-d20ab3489c35',)",1.5
5,"('https://images.unsplash.com/photo-1506258998-82810ddc75a3',)",0.0
7,"('https://images.unsplash.com/photo-1458046913496-b049204810ac',)",2.5
10,"('https://images.unsplash.com/photo-1461869974586-6b4245936154',)",1.5
9,"('https://images.unsplash.com/photo-1465232377925-cce9a9d87843',)",1.5
3,"('https://images.unsplash.com/photo-1473731149742-97a189111276',)",2.5
7,"('https://images.unsplash.com/photo-1476922027627-aa7293e3aaa8',)",1.5
7,"('https://images.unsplash.com/photo-1476860184138-af609b4e8a3a',)",0.5
6,"('https://images.unsplash.com/photo-1485561331122-5b7098c62fcc',)",2.0
9,"('https://images.unsplash.com/photo-1485892286759-7a4cc553fb3d',)",1.0
10,"('https://images.unsplash.com/photo-1483621150297-aa62559c634b',)",0.0
7,"('https://images.unsplash.com/photo-1487349384428-12b47aca925e',)",1.5
1,"('https://images.unsplash.com/photo-1485956547186-2c8e67895f72',)",0.5
8,"('https://images.unsplash.com/photo-1492644233019-549102aa44f7',)",0.5
7,"('https://images.unsplash.com/photo-1493271870018-04f0e7c336e6',)",2.5
2,"('https://images.unsplash.com/photo-1492117410584-db7b8a2e1460',)",0.5
1,"('https://images.unsplash.com/photo-1494198525982-6e4625132b9e',)",0.5
10,"('https://images.unsplash.com/photo-1495304490888-4818cc97ec1b',)",0.5
5,"('https://images.unsplash.com/photo-1498522437123-3a7624402acb',)",1.5
7,"('https://images.unsplash.com/photo-1501275578-61eff411d8bf',)",0.0
8,"('https://images.unsplash.com/photo-1505886410478-e9e273c2ac09',)",1.5
6,"('https://images.unsplash.com/photo-1505567745926-ba89000d255a',)",0.5
4,"('https://images.unsplash.com/photo-1505623776320-7edecf5f0771',)",2.5
8,"('https://images.unsplash.com/photo-1506809494389-a68c51c9e6a1',)",1.5
5,"('https://images.unsplash.com/photo-1509212232536-8d5fb32736d5',)",2.5
4,"('https://images.unsplash.com/photo-1508178828646-9dddefd2b4e1',)",2.0
7,"('https://images.unsplash.com/photo-1511519991062-53acadf7be18',)",2.0
5,"('https://images.unsplash.com/photo-1511895235435-f34285c6d3be',)",0.0
4,"('https://images.unsplash.com/photo-1510248703225-7f7838dfd579',)",0.0
10,"('https://images.unsplash.com/photo-1513842844317-1b117223f211',)",0.5
2,"('https://images.unsplash.com/photo-1516415640404-0ca8b3b68958',)",2.0
1,"('https://images.unsplash.com/photo-1516425096928-77244e2965e5',)",2.0
1,"('https://images.unsplash.com/photo-1516610627349-1b52a4ff315e',)",2.5
8,"('https://images.unsplash.com/photo-1515369983363-bafb28a9f3e4',)",1.5
4,"('https://images.unsplash.com/photo-1505962372142-dcf8ddcf4c72',)",2.0
7,"('https://images.unsplash.com/photo-1508873787497-1b513a18217a',)",0.0
5,"('https://images.unsplash.com/photo-1509702713478-5441be3d911c',)",2.5
9,"('https://images.unsplash.com/photo-1512149086943-7937461d6bf2',)",1.5
5,"('https://images.unsplash.com/photo-1514910125310-826067e8dfdf',)",0.0
7,"('https://images.unsplash.com/photo-1515224526905-51c7d77c7bb8',)",0.0
2,"('https://images.unsplash.com/photo-1517259227355-de4b20b3fe46',)",0.0
8,"('https://images.unsplash.com/photo-1517842193836-33a9a05e19aa',)",0.0
4,"('https://images.unsplash.com/photo-1518410240146-36aeeed0e4f9',)",2.5
9,"('https://images.unsplash.com/photo-1526393947515-c4e35d7debde',)",0.0
5,"('https://images.unsplash.com/photo-1529348592009-6ed8b9fddc1e',)",1.0
10,"('https://images.unsplash.com/photo-1530485101558-6cf3cf206f39',)",2.0
1,"('https://images.unsplash.com/photo-1534842628439-bcc9e12f826e',)",0.0
2,"('https://images.unsplash.com/photo-1540799063343-730a78bce96a',)",2.5
5,"('https://images.unsplash.com/photo-1540808450974-f61b32d7db7d',)",0.5
1,"('https://images.unsplash.com/photo-1518155852009-65246ff44395',)",0.0
4,"('https://images.unsplash.com/photo-1518459951661-02d921b3a9ce',)",2.5
6,"('https://images.unsplash.com/photo-1526409108006-75dd603c1d67',)",2.0
6,"('https://images.unsplash.com/photo-1531782236213-b6360263c677',)",2.5
5,"('https://images.unsplash.com/photo-1534841090574-cba2d662b62e',)",0.0
4,"('https://images.unsplash.com/photo-1539370628564-952adc8b9526',)",0.0
1,"('https://images.unsplash.com/photo-1540883875958-ffddda178fa6',)",0.5
1,"('https://images.unsplash.com/photo-1543260775-945c562403b3',)",2.5
2,"('https://images.unsplash.com/photo-1543223004-31d299a6ba35',)",1.5
10,"('https://images.unsplash.com/photo-1542146633-a2a584784f7b',)",2.0
5,"('https://images.unsplash.com/photo-1543166769-6d48ccd17a1d',)",1.5
10,"('https://images.unsplash.com/photo-1542638413-8e84d372f40e',)",0.0
3,"('https://images.unsplash.com/photo-1542622695-8ab993e8d3d6',)",1.5
10,"('https://images.unsplash.com/photo-1543572150-da00fe17bec4',)",0.0
1,"('https://images.unsplash.com/photo-1541437914323-1dd72510d65a',)",0.0
7,"('https://images.unsplash.com/photo-1545724728-5ad10ae3b000',)",2.5
2,"('https://images.unsplash.com/photo-1540743471705-fe5075f29c3d',)",1.5
10,"('https://images.unsplash.com/photo-1540992748623-d23d9e9018d4',)",0.5
8,"('https://images.unsplash.com/photo-1540992131368-0b5303d3ad06',)",0.5
5,"('https://images.unsplash.com/photo-1542202787-149fbc851f66',)",0.0
7,"('https://images.unsplash.com/photo-1543176634-8593f3d8330e',)",2.5
5,"('https://images.unsplash.com/photo-1543028526-4ece80c74467',)",1.5
10,"('https://images.unsplash.com/photo-1541275055241-329bbdf9a191',)",0.5
6,"('https://images.unsplash.com/photo-1542850775-09dd9bbd2cca',)",0.0
10,"('https://images.unsplash.com/photo-1543117977-295d766cbbbd',)",1.0
3,"('https://images.unsplash.com/photo-1543000306-6b6ad192d18d',)",0.5
5,"('https://images.unsplash.com/photo-1542411580-9bcdd5e227c9',)",0.5
8,"('https://images.unsplash.com/photo-1542401840-ba06ac7158af',)",2.0
2,"('https://images.unsplash.com/photo-1545165375-149765f1b8e4',)",2.5
2,"('https://images.unsplash.com/photo-1545459904-53a9aa1a55b9',)",2.5
7,"('https://images.unsplash.com/photo-1544298778-fdf979c54ea1',)",1.5
7,"('https://images.unsplash.com/photo-1545161296-d9c2c241f2ad',)",0.0
5,"('https://images.unsplash.com/photo-1548325391-fe8cf94cf5fa',)",1.0
8,"('https://images.unsplash.com/photo-1546829073-06e8de775dff',)",1.5
10,"('https://images.unsplash.com/31/xDtuvK3GRJGUSUHgj0ew_IMG_3860.jpg',)",2.0
8,"('https://images.unsplash.com/photo-1415383474815-00dea34b4fd9',)",0.5
9,"('https://images.unsplash.com/uploads/1413459503959025bf874/2b444765',)",0.0
4,"('https://images.unsplash.com/2/06.jpg',)",1.0
1,"('https://images.unsplash.com/41/pHyYeNZMRFOIRpYeW7X3_manacloseup%20copy.jpg',)",0.0
1,"('https://images.unsplash.com/photo-1417220754135-a2e934fcafe1',)",1.0
8,"('https://images.unsplash.com/photo-1428406153609-3b81feb03c49',)",1.5
3,"('https://images.unsplash.com/photo-1429900726096-11a44b41c70d',)",2.0
5,"('https://images.unsplash.com/photo-1429080590828-d775fa4a893c',)",2.0
5,"('https://images.unsplash.com/photo-1435273194901-dd30b4535ebe',)",2.5
9,"('https://images.unsplash.com/photo-1433419721490-106a1ab5f5ce',)",0.0
8,"('https://images.unsplash.com/photo-1445264718234-a623be589d37',)",2.5
9,"('https://images.unsplash.com/photo-1458646825996-114fd1894938',)",1.5
4,"('https://images.unsplash.com/photo-1461220830992-5a8d6a54af75',)",2.0
8,"('https://images.unsplash.com/photo-1469443168033-4623821959af',)",2.5
7,"('https://images.unsplash.com/photo-1473351498067-0d7982854c6e',)",2.5
7,"('https://images.unsplash.com/photo-1479244209311-71e35c910f59',)",1.0
8,"('https://images.unsplash.com/photo-1480453322787-451ea09db8c3',)",1.0
1,"('https://images.unsplash.com/photo-1483119624769-b1a73c256500',)",1.5
3,"('https://images.unsplash.com/photo-1482774910153-117dc4e16805',)",2.5
5,"('https://images.unsplash.com/photo-1482987001459-9c8a37b21dd3',)",2.5
5,"('https://images.unsplash.com/photo-1487148742994-2f29d489182f',)",1.5
10,"('https://images.unsplash.com/photo-1490028141498-929fb3ad0c1e',)",1.5
6,"('https://images.unsplash.com/photo-1490650191633-406b47bf6e25',)",2.0
10,"('https://images.unsplash.com/photo-1492741428243-892c600f7dbc',)",1.5
4,"('https://images.unsplash.com/photo-1492257288915-7dbeda091ebe',)",1.0
3,"('https://images.unsplash.com/photo-1494370512498-4c1f5ec27341',)",1.5
10,"('https://images.unsplash.com/photo-1496165044541-3221a1d68cc8',)",1.0
10,"('https://images.unsplash.com/photo-1495231916356-a86217efff12',)",1.0
5,"('https://images.unsplash.com/photo-1493839960466-099d9cd1a3cc',)",0.0
1,"('https://images.unsplash.com/photo-1494917134238-b20e56932824',)",2.5
1,"('https://images.unsplash.com/photo-1496765111150-918497b59c9e',)",0.5
10,"('https://images.unsplash.com/photo-1498144846853-60ca2d43853b',)",1.0
8,"('https://images.unsplash.com/photo-1503449957946-d06ac01cf711',)",1.5
7,"('https://images.unsplash.com/photo-1506105524407-94b39b1e7415',)",2.0
6,"('https://images.unsplash.com/photo-1505055565708-16ffa58f36c5',)",1.5
8,"('https://images.unsplash.com/photo-1509281464766-6cb93704023d',)",2.0
9,"('https://images.unsplash.com/photo-1509081438789-63838f150db7',)",0.0
1,"('https://images.unsplash.com/photo-1510637234398-d25c9570a0a0',)",1.0
8,"('https://images.unsplash.com/photo-1519157466701-571c2a8cf488',)",2.5
7,"('https://images.unsplash.com/photo-1526385159909-196a9ac0ef64',)",2.5
2,"('https://images.unsplash.com/photo-1540851562497-d0ded39049a2',)",0.0
7,"('https://images.unsplash.com/photo-1542907278-6a37e34f3364',)",1.5
7,"('https://images.unsplash.com/photo-1541780845216-1b3eac6ffd6c',)",1.0
5,"('https://images.unsplash.com/photo-1542389882-faa2e207fd79',)",0.5
9,"('https://images.unsplash.com/photo-1542622546-0505b9749cca',)",0.0
6,"('https://images.unsplash.com/photo-1541874693669-9ba8daaee00c',)",1.0
10,"('https://images.unsplash.com/photo-1542018358558-3e24f9e152f7',)",0.0
10,"('https://images.unsplash.com/photo-1543789814-0aa9377c251a',)",0.5
3,"('https://images.unsplash.com/photo-1545592849-c39fffc64fbc',)",2.5
3,"('https://images.unsplash.com/photo-1543751416-705d3e34d02a',)",2.5
8,"('https://images.unsplash.com/photo-1544086694-a61500f7b66b',)",2.0
7,"('https://images.unsplash.com/photo-1545306286-e67f94662831',)",0.0
2,"('https://images.unsplash.com/photo-1544145834-b5e7f74db6cd',)",1.0
1,"('https://images.unsplash.com/photo-1543964496-d83d90140d97',)",2.5
5,"('https://images.unsplash.com/photo-1545195333-f1d8bca420d3',)",0.5
3,"('https://images.unsplash.com/photo-1543654542-58156d9a4e09',)",0.5
6,"('https://images.unsplash.com/photo-1547413839-51bfca2592e4',)",0.0
10,"('https://images.unsplash.com/photo-1547578373-de7b5f64adc0',)",1.5
9,"('https://images.unsplash.com/photo-1547098940-62774c2ca392',)",0.5
2,"('https://images.unsplash.com/photo-1548695799-2af1f1827ff4',)",2.0
4,"('https://images.unsplash.com/photo-1547186821-8884d8762443',)",2.5
5,"('https://images.unsplash.com/photo-1548711595-91a70e868bef',)",1.0
10,"('https://images.unsplash.com/photo-1547027251-98e3b4e88cfc',)",2.0
6,"('https://images.unsplash.com/photo-1548700159-52e7b12a0f50',)",2.5
10,"('https://images.unsplash.com/photo-1546977682-c549dac53de0',)",1.0
5,"('https://images.unsplash.com/photo-1548820888-9008aafde4e5',)",2.0
2,"('https://images.unsplash.com/photo-1548022401-6b11ed578cc7',)",0.5
4,"('https://images.unsplash.com/photo-1547146092-983100a60066',)",1.5
3,"('https://images.unsplash.com/photo-1548280957-4c7d81f86f35',)",0.0
9,"('https://images.unsplash.com/photo-1548260415-e347da426a45',)",2.0
10,"('https://images.unsplash.com/photo-1548781695-12c50fd2ca76',)",1.0
7,"('https://images.unsplash.com/photo-1550430016-d4b30cf6521f',)",2.0
4,"('https://images.unsplash.com/photo-1549189617-fe4218e88035',)",0.5
8,"('https://images.unsplash.com/photo-1550742933-5e1fe2f20ebc',)",1.0
1,"('https://images.unsplash.com/photo-1550561573-dad7a56471ec',)",1.0
6,"('https://images.unsplash.com/photo-1551213567-53a6dfd1607b',)",0.5
8,"('https://images.unsplash.com/photo-1550553484-c46651e02af6',)",2.0
2,"('https://images.unsplash.com/photo-1553649134-b40c84d81aa4',)",2.5
5,"('https://images.unsplash.com/photo-1553414701-7e7de9266721',)",1.0
4,"('https://images.unsplash.com/photo-1551566749-1f96166cd476',)",1.0
1,"('https://images.unsplash.com/photo-1553251395-1593e2f1799c',)",1.0
7,"('https://images.unsplash.com/photo-1553285045-7fd2e607391b',)",2.5
1,"('https://images.unsplash.com/photo-1551610538-66a43688f75b',)",1.0
9,"('https://images.unsplash.com/photo-1543792660-470a955d9735',)",2.0
4,"('https://images.unsplash.com/photo-1543689604-267b9b0b013d',)",2.0
2,"('https://images.unsplash.com/photo-1543840312-c9794aad84eb',)",2.5
5,"('https://images.unsplash.com/photo-1544813599-05e0b88ae8d3',)",0.0
9,"('https://images.unsplash.com/photo-1544494232-30565e6bdf9e',)",1.5
8,"('https://images.unsplash.com/photo-1544597771-e07a4dc1800c',)",1.5
8,"('https://images.unsplash.com/photo-1548201544-95e80a0d3536',)",0.5
8,"('https://images.unsplash.com/photo-1548373551-90dc5a139bcf',)",2.0
8,"('https://images.unsplash.com/photo-1548224518-4a698b2beada',)",1.0
8,"('https://images.unsplash.com/photo-1548540985-c6b4c6376c91',)",2.5
1,"('https://images.unsplash.com/photo-1546754071-8372cfc7b4ec',)",2.0
8,"('https://images.unsplash.com/photo-1548781058-20cc6d895789',)",2.0
2,"('https://images.unsplash.com/photo-1547433170-4a12b7b0c76e',)",1.5
5,"('https://images.unsplash.com/photo-1548745337-79fb291f0ce9',)",1.5
4,"('https://images.unsplash.com/photo-1551144561-92ed32c4e701',)",0.0
1,"('https://images.unsplash.com/photo-1551474121-33bbb600cdbe',)",1.5
9,"('https://images.unsplash.com/photo-1551692554-d83872f34d55',)",2.5
3,"('https://images.unsplash.com/photo-1551645966-14438e57e2bd',)",2.5
8,"('https://images.unsplash.com/photo-1552929432-7a1eaa4389b2',)",0.5
7,"('https://images.unsplash.com/photo-1553122233-cc5ae60ed46c',)",2.5
7,"('https://images.unsplash.com/photo-1552844141-11fef7751c80',)",1.0
1,"('https://images.unsplash.com/photo-1555985253-3a5ed3b15637',)",2.5
10,"('https://images.unsplash.com/photo-1554629947-334ff61d85dc',)",1.0
7,"('https://images.unsplash.com/photo-1555626289-4608ef5d34ee',)",0.5
2,"('https://images.unsplash.com/photo-1554419154-e40007a2931b',)",1.0
10,"('https://images.unsplash.com/photo-1554876269-3045eeb59550',)",2.5
9,"('https://images.unsplash.com/photo-1556121831-983da38221a1',)",0.5
5,"('https://images.unsplash.com/photo-1556011583-069db303c103',)",0.0
9,"('https://images.unsplash.com/photo-1556767676-c80e71484347',)",1.5
6,"('https://images.unsplash.com/photo-1556821266-9541cb7f8c46',)",2.0
8,"('https://images.unsplash.com/photo-1557106059-b7ed3c1d908f',)",0.5
6,"('https://images.unsplash.com/photo-1558712168-e197b204f86e',)",0.0
3,"('https://images.unsplash.com/photo-1549294934-18ff31e6a09a',)",1.0
8,"('https://images.unsplash.com/photo-1550508131-238290a61fd3',)",0.0
7,"('https://images.unsplash.com/photo-1551147239-144f237a37b3',)",1.5
8,"('https://images.unsplash.com/photo-1551010442-094f3ac56aff',)",1.0
9,"('https://images.unsplash.com/photo-1551704745-83c087a92c00',)",1.0
6,"('https://images.unsplash.com/photo-1551506448-074afa034c05',)",2.5
1,"('https://images.unsplash.com/photo-1553116515-ae5d23edbd63',)",0.0
10,"('https://images.unsplash.com/photo-1551994687-339c3160c47f',)",1.0
9,"('https://images.unsplash.com/photo-1553255692-c161021f03a6',)",0.5
6,"('https://images.unsplash.com/photo-1551861212-c4917aa26fc0',)",2.5
7,"('https://images.unsplash.com/photo-1551468307-8c1e3c78013c',)",2.5
7,"('https://images.unsplash.com/photo-1552062091-3cb3bfcebad3',)",0.0
7,"('https://images.unsplash.com/photo-1553657495-276b62096098',)",1.0
6,"('https://images.unsplash.com/photo-1555988483-2ba33630a67e',)",1.0
10,"('https://images.unsplash.com/photo-1555310247-f738270db81c',)",1.0
2,"('https://images.unsplash.com/photo-1554190797-dda1e52ba7ce',)",2.5
1,"('https://images.unsplash.com/photo-1555931156-73ca648e3c9c',)",0.5
7,"('https://images.unsplash.com/photo-1556820161-b605d166fce1',)",0.0
1,"('https://images.unsplash.com/photo-1559350296-7f363b66b16a',)",2.5
6,"('https://images.unsplash.com/photo-1559962874-506c8be13a40',)",1.5
10,"('https://images.unsplash.com/photo-1559533077-4dc3e9bd43f2',)",2.5
7,"('https://images.unsplash.com/photo-1560274779-5af55b70ad9b',)",2.5
6,"('https://images.unsplash.com/photo-1560532893-e34b5d930391',)",1.5
5,"('https://images.unsplash.com/photo-1561846845-1fbee407852a',)",1.0
6,"('https://images.unsplash.com/photo-1564346208974-bbc1ea06019a',)",0.0
3,"('https://images.unsplash.com/photo-1562772186-ad68d3906ca9',)",1.0
2,"('https://images.unsplash.com/photo-1562182386-cbfd9dc1b04d',)",0.0
6,"('https://images.unsplash.com/photo-1564292284209-60cce69f08ed',)",0.0
9,"('https://images.unsplash.com/photo-1565306397515-fd9a0861a5bd',)",0.0
3,"('https://images.unsplash.com/photo-1565992122126-c817724c3bec',)",2.5
10,"('https://images.unsplash.com/photo-1565150833573-6683dea9ceec',)",1.5
9,"('https://images.unsplash.com/photo-1566737620433-fbdb42b00f74',)",2.5
2,"('https://images.unsplash.com/photo-1565060779655-8433978a7186',)",1.5
10,"('https://images.unsplash.com/photo-1566243052149-b355caf9c9ec',)",0.0
1,"('https://images.unsplash.com/photo-1566537003780-7f7764e1b534',)",0.0
1,"('https://images.unsplash.com/photo-1555557135-0971899f7e3c',)",0.0
5,"('https://images.unsplash.com/photo-1556473062-062e556b0920',)",1.0
5,"('https://images.unsplash.com/photo-1557433693-e37197702c8a',)",0.0
7,"('https://images.unsplash.com/photo-1561748393-2bcc1c087ede',)",2.0
2,"('https://images.unsplash.com/photo-1563775513967-1a29e04e0d03',)",1.5
8,"('https://images.unsplash.com/photo-1563699053169-73bc5c424f10',)",0.0
7,"('https://images.unsplash.com/photo-1562571046-d34f606e7693',)",2.0
7,"('https://images.unsplash.com/photo-1563704205304-c271339aa682',)",2.0
3,"('https://images.unsplash.com/photo-1564187583-1b5afac317b8',)",2.5
9,"('https://images.unsplash.com/photo-1562489968-9b38c3249b89',)",2.0
3,"('https://images.unsplash.com/photo-1563427777097-575d11e32ccf',)",0.0
5,"('https://images.unsplash.com/photo-1564069901015-29ea880acd24',)",0.0
8,"('https://images.unsplash.com/photo-1564598651002-522b638555c9',)",0.5
8,"('https://images.unsplash.com/photo-1565234879759-002998e08497',)",0.0
5,"('https://images.unsplash.com/photo-1566931164640-4bf2c8569c80',)",0.0
10,"('https://images.unsplash.com/photo-1567030421869-8a2eace263d7',)",2.0
6,"('https://images.unsplash.com/photo-1564679523586-8d2f93318a26',)",2.0
1,"('https://images.unsplash.com/photo-1565705957208-03079f4d453a',)",1.0
7,"('https://images.unsplash.com/photo-1564775076271-738fdbd35344',)",1.5
9,"('https://images.unsplash.com/photo-1567487887040-c690d2eff17f',)",1.5
7,"('https://images.unsplash.com/photo-1571690584414-fa2a1127a2e1',)",1.0
6,"('https://images.unsplash.com/photo-1570207606693-e5539f3d0f8c',)",0.0
2,"('https://images.unsplash.com/photo-1571666837756-59668c66527c',)",2.0
3,"('https://images.unsplash.com/photo-1570746383971-7c9cf25ac821',)",0.5
10,"('https://images.unsplash.com/photo-1571054992190-2eaf20d15cfc',)",1.5
8,"('https://images.unsplash.com/photo-1570451488258-d54655a262e6',)",0.5
9,"('https://images.unsplash.com/photo-1571412961825-002bc9cadb21',)",0.0
10,"('https://images.unsplash.com/photo-1573371081455-c7c9328fc331',)",2.0
6,"('https://images.unsplash.com/photo-1573776733775-f41c546e694e',)",1.0
7,"('https://images.unsplash.com/photo-1574786577070-70b30e49c99c',)",2.5
7,"('https://images.unsplash.com/photo-1573380499492-185441433ccd',)",1.0
6,"('https://images.unsplash.com/photo-1573578160998-4f4c7b023aec',)",1.0
1,"('https://images.unsplash.com/photo-1575761410364-8a3eb7e4edfc',)",2.5
3,"('https://images.unsplash.com/photo-1576603009257-468518b28a8f',)",0.0
9,"('https://images.unsplash.com/photo-1582519356472-4d6716014739',)",0.5
2,"('https://images.unsplash.com/photo-1564665872710-7cce69129b0e',)",1.0
1,"('https://images.unsplash.com/photo-1566283341884-f4fdbfcd78b5',)",0.0
2,"('https://images.unsplash.com/photo-1565012220292-e839d380054e',)",0.0
4,"('https://images.unsplash.com/photo-1568112505330-f5fa78411f1d',)",2.0
4,"('https://images.unsplash.com/photo-1567829031913-53491cf48b27',)",0.5
5,"('https://images.unsplash.com/photo-1569261201964-b2c462fad806',)",0.0
1,"('https://images.unsplash.com/photo-1569219872885-5416a8d539ee',)",1.0
8,"('https://images.unsplash.com/photo-1569189878393-8ab0b571b1eb',)",2.0
10,"('https://images.unsplash.com/photo-1567519271254-4b9e0b20e46e',)",2.5
1,"('https://images.unsplash.com/photo-1568673818074-fb36bbd0ff30',)",0.5
8,"('https://images.unsplash.com/photo-1569272307873-b28b4231edfa',)",2.0
7,"('https://images.unsplash.com/photo-1567865875652-5b106df1bcad',)",0.5
9,"('https://images.unsplash.com/photo-1570482684648-28deb8f60928',)",2.5
6,"('https://images.unsplash.com/photo-1570996739868-4274295174ae',)",2.0
6,"('https://images.unsplash.com/photo-1570376648256-a8e978a68a6d',)",1.5
6,"('https://images.unsplash.com/photo-1572458780467-d0566d4baab8',)",2.0
9,"('https://images.unsplash.com/photo-1572937544553-29251c28114e',)",2.0
5,"('https://images.unsplash.com/photo-1572610300875-0b81a8238878',)",0.0
1,"('https://images.unsplash.com/photo-1573679472180-df7d6cbe22bf',)",1.0
5,"('https://images.unsplash.com/photo-1575026645556-df82e3e8a5c1',)",1.0
10,"('https://images.unsplash.com/photo-1575554142373-ab614108edcd',)",2.0
7,"('https://images.unsplash.com/photo-1576074578890-d84f564d2a0f',)",0.5
6,"('https://images.unsplash.com/photo-1576616754092-990394cb6473',)",1.5
2,"('https://images.unsplash.com/photo-1577705522288-670718863bca',)",2.0
3,"('https://images.unsplash.com/photo-1582553134457-ba34313cebc3',)",1.0
2,"('https://images.unsplash.com/photo-1581259004286-1e8eefbca86d',)",2.5
2,"('https://images.unsplash.com/photo-1579964984844-1a816b3d0fce',)",1.0
6,"('https://images.unsplash.com/photo-1582406274586-4d16f3aa4a8b',)",1.5
10,"('https://images.unsplash.com/photo-1582559786013-e23fbdde920e',)",1.5
1,"('https://images.unsplash.com/photo-1580577484027-347d6ed17370',)",2.0
1,"('https://images.unsplash.com/photo-1579603046245-cafaa03a8a94',)",0.0
8,"('https://images.unsplash.com/photo-1577981219421-44a6c08e57ee',)",2.0
5,"('https://images.unsplash.com/photo-1578398831800-acb0f81382dd',)",1.0
10,"('https://images.unsplash.com/photo-1578429610904-73e1f3bd969a',)",1.0
1,"('https://images.unsplash.com/photo-1580287873855-a879aa519ac7',)",2.0
1,"('https://images.unsplash.com/photo-1581680434855-c1a17e0a4c43',)",1.0
8,"('https://images.unsplash.com/photo-1581716054619-e1d6cea2193c',)",2.0
2,"('https://images.unsplash.com/photo-1582021834034-cc6bc274e29b',)",0.0
6,"('https://images.unsplash.com/photo-1580462766257-0a2db955cadf',)",2.0
4,"('https://images.unsplash.com/photo-1581086027507-142894ddb898',)",2.5
6,"('https://images.unsplash.com/photo-1579276481300-d96f3f58476a',)",1.0
2,"('https://images.unsplash.com/photo-1582130082932-378f1686a001',)",0.0
6,"('https://images.unsplash.com/photo-1580461118826-91da2d5cf0ea',)",2.0
6,"('https://images.unsplash.com/photo-1582357282726-681df6ed9205',)",1.5
5,"('https://images.unsplash.com/photo-1580791950065-32299fd449ac',)",1.5
9,"('https://images.unsplash.com/photo-1580148304717-bdb8f41dcc2e',)",0.0
7,"('https://images.unsplash.com/photo-1577847181695-a6ab6f9cfe6f',)",2.5
7,"('https://images.unsplash.com/flagged/photo-1580081888851-f8ae1ce9d1e6',)",1.5
5,"('https://images.unsplash.com/photo-1579851224953-bc4d4a0b6e0a',)",2.5
7,"('https://images.unsplash.com/photo-1578528317915-f3c943c21870',)",1.0
1,"('https://images.unsplash.com/photo-1578325643978-668173d4dd94',)",2.5
6,"('https://images.unsplash.com/photo-1584301786762-8c88bbde14f3',)",0.0
1,"('https://images.unsplash.com/photo-1550300934-ff0c610b7e9d',)",1.5
10,"('https://images.unsplash.com/photo-1549943436-0ac32dd999d1',)",2.0
1,"('https://images.unsplash.com/photo-1550270915-8a4b3877d291',)",2.5
6,"('https://images.unsplash.com/photo-1550516444-aaf819235457',)",1.5
1,"('https://images.unsplash.com/photo-1550252137-661499e28f4a',)",0.5
6,"('https://images.unsplash.com/photo-1552250550-6b157b10a60d',)",1.5
8,"('https://images.unsplash.com/photo-1552476701-45911ca7ac54',)",0.5
8,"('https://images.unsplash.com/photo-1552855320-5763bd52c279',)",1.0
2,"('https://images.unsplash.com/photo-1553240799-8aab65263369',)",1.0
2,"('https://images.unsplash.com/photo-1552931605-c5e2131e733a',)",2.5
5,"('https://images.unsplash.com/photo-1555226196-f9930c35a7b6',)",2.0
3,"('https://images.unsplash.com/photo-1554233751-52c21d08af96',)",1.5
8,"('https://images.unsplash.com/photo-1554168396-aab725fa9d34',)",2.5
7,"('https://images.unsplash.com/photo-1554741995-7e71ded4ae1c',)",0.0
6,"('https://images.unsplash.com/photo-1554249906-53d1582266b4',)",1.0
6,"('https://images.unsplash.com/photo-1556575157-75a0d60e4835',)",2.0
10,"('https://images.unsplash.com/photo-1558729923-720bbb76a430',)",0.0
7,"('https://images.unsplash.com/flagged/photo-1557570005-70c0f9fddb8b',)",1.5
3,"('https://images.unsplash.com/photo-1558855818-c43af5318faa',)",2.0
3,"('https://images.unsplash.com/photo-1558158539-226f4a45f7b3',)",1.5
4,"('https://images.unsplash.com/photo-1557474295-8fbaa04b4fee',)",2.5
5,"('https://images.unsplash.com/photo-1557831587-2fe97e063425',)",2.5
7,"('https://images.unsplash.com/photo-1558711278-d779a9c54281',)",0.5
9,"('https://images.unsplash.com/photo-1557918513-8fa668ffd68a',)",0.0
3,"('https://images.unsplash.com/photo-1558801028-47b7680df0e3',)",1.5
4,"('https://images.unsplash.com/photo-1557966114-98d67f17f369',)",0.5
6,"('https://images.unsplash.com/photo-1559190394-df5a28aab5c5',)",2.0
5,"('https://images.unsplash.com/photo-1561471026-0bbb77535d25',)",0.5
2,"('https://images.unsplash.com/photo-1560180279-3c0fea4166ad',)",0.0
5,"('https://images.unsplash.com/photo-1561486088-f7e601b8ccc9',)",2.0
10,"('https://images.unsplash.com/photo-1561207598-a894694da46a',)",2.0
4,"('https://images.unsplash.com/photo-1564536351705-4b971227014c',)",2.0
7,"('https://images.unsplash.com/photo-1563129855-cab69d9210f2',)",1.5
5,"('https://images.unsplash.com/photo-1564060958001-a665e6fb6d3d',)",1.0
3,"('https://images.unsplash.com/photo-1563861249601-d3a990fad3c4',)",0.0
3,"('https://images.unsplash.com/photo-1566541616694-e91fd0748868',)",1.0
8,"('https://images.unsplash.com/photo-1565852093870-66948332472a',)",2.5
2,"('https://images.unsplash.com/photo-1565951808055-50a3286a8a10',)",1.0
1,"('https://images.unsplash.com/photo-1566373477478-716624ecd9f9',)",2.0
7,"('https://images.unsplash.com/photo-1565935795591-c5d1be7231cd',)",1.0
8,"('https://images.unsplash.com/photo-1569825724462-71e5e1d3f68d',)",2.5
6,"('https://images.unsplash.com/photo-1567788150222-c580695fa1d7',)",1.5
10,"('https://images.unsplash.com/photo-1568896529122-4d2afa854d27',)",0.0
6,"('https://images.unsplash.com/photo-1569847315036-4f77505aac8f',)",2.5
7,"('https://images.unsplash.com/photo-1569855834332-b6df5b479dce',)",2.5
6,"('https://images.unsplash.com/photo-1571452268850-498145e73a93',)",0.5
5,"('https://images.unsplash.com/photo-1570528813066-08c56a1993d4',)",2.0
8,"('https://images.unsplash.com/photo-1571751961820-882a0aad5ff8',)",0.5
4,"('https://images.unsplash.com/photo-1571854712903-bba2675d322d',)",0.5
2,"('https://images.unsplash.com/photo-1570457005402-8ca36f5d411e',)",0.0
4,"('https://images.unsplash.com/photo-1571119791696-bdd58ec2b770',)",0.5
3,"('https://images.unsplash.com/photo-1583384991428-d3dca43177f3',)",0.0
4,"('https://images.unsplash.com/photo-1585359233192-c1edcd5b9eaa',)",2.5
8,"('https://images.unsplash.com/photo-1583582829799-f251563bb366',)",1.5
1,"('https://images.unsplash.com/photo-1584270633308-7094d7fbb40d',)",0.0
9,"('https://images.unsplash.com/photo-1583401706390-89afcb34d952',)",2.0
4,"('https://images.unsplash.com/photo-1583429381746-929951e8d1d1',)",0.5
4,"('https://images.unsplash.com/photo-1585575056481-33530fc870b2',)",1.0
8,"('https://images.unsplash.com/photo-1583858815538-8b0d1aba9ac3',)",2.5
9,"('https://images.unsplash.com/photo-1584730150798-0b3b625c392b',)",2.0
7,"('https://images.unsplash.com/photo-1587317904186-37666e809efd',)",2.5
6,"('https://images.unsplash.com/photo-1588094504780-a3054d5afac9',)",0.5
8,"('https://images.unsplash.com/photo-1585837199856-c48debc16374',)",1.5
7,"('https://images.unsplash.com/photo-1588231064681-629c5e31ff08',)",1.0
10,"('https://images.unsplash.com/photo-1590232288583-10a93dcac88a',)",2.0
10,"('https://images.unsplash.com/photo-1591802798504-ac8d170c4012',)",2.5
5,"('https://images.unsplash.com/photo-1591629351942-66ea6a946260',)",0.5
3,"('https://images.unsplash.com/photo-1591870509558-26b7eee6d549',)",1.0
8,"('https://images.unsplash.com/photo-1422545063300-35f82a2b77d1',)",2.5
5,"('https://images.unsplash.com/photo-1415858313308-16a1e9eb71af',)",1.0
10,"('https://images.unsplash.com/photo-1423145575229-06c3df414730',)",2.0
10,"('https://images.unsplash.com/photo-1425957443008-128d759fc6be',)",2.5
7,"('https://images.unsplash.com/photo-1432757221830-ad504a69f685',)",0.0
9,"('https://images.unsplash.com/photo-1435186376919-88c211714029',)",1.5
8,"('https://images.unsplash.com/photo-1441312311734-f44cc0bda31d',)",2.0
1,"('https://images.unsplash.com/photo-1441829266145-6d4bfbd38eb4',)",2.5
5,"('https://images.unsplash.com/photo-1444986744613-454c6c6d9490',)",1.0
2,"('https://images.unsplash.com/photo-1444791252404-500e5b11f71b',)",2.5
4,"('https://images.unsplash.com/photo-1443811422292-ac2c48a2cbf5',)",2.0
6,"('https://images.unsplash.com/photo-1444808306969-76606045373e',)",2.5
10,"('https://images.unsplash.com/photo-1445215759344-26d0aa54b275',)",0.0
7,"('https://images.unsplash.com/photo-1449562803384-2952e4ec7e49',)",1.5
3,"('https://images.unsplash.com/photo-1455729395133-614a5c9dbff0',)",0.5
2,"('https://images.unsplash.com/photo-1455380579765-810023662ea2',)",1.5
4,"('https://images.unsplash.com/photo-1456435587672-19f1df8941df',)",1.0
8,"('https://images.unsplash.com/photo-1578852454256-da8e6989bcf4',)",2.0
1,"('https://images.unsplash.com/photo-1579596758906-db8e16864a90',)",0.0
7,"('https://images.unsplash.com/photo-1579426446637-74454a34f754',)",2.0
1,"('https://images.unsplash.com/photo-1582577848774-0bd1ccbd1c69',)",2.0
10,"('https://images.unsplash.com/photo-1584017917492-4b381c9f7b2f',)",0.5
8,"('https://images.unsplash.com/photo-1583020703158-699fb7063b91',)",2.5
7,"('https://images.unsplash.com/photo-1583872958183-1ea5ed461f04',)",2.5
5,"('https://images.unsplash.com/photo-1584331317832-aaed03ba7158',)",0.5
1,"('https://images.unsplash.com/photo-1583451954212-b6a72ebb9306',)",2.5
4,"('https://images.unsplash.com/photo-1584520674812-ba9daa18182f',)",1.0
2,"('https://images.unsplash.com/photo-1586014377331-233f73675976',)",0.0
4,"('https://images.unsplash.com/photo-1587235442566-233e6b344698',)",2.0
2,"('https://images.unsplash.com/photo-1586047584169-ce07eba5ee39',)",0.5
7,"('https://images.unsplash.com/photo-1586554655556-8eec12544873',)",2.0
1,"('https://images.unsplash.com/photo-1586696037912-43cfc1f854af',)",2.5
4,"('https://images.unsplash.com/photo-1589602667230-59a9bf8102a8',)",2.5
1,"('https://images.unsplash.com/photo-1590272434020-32ab7c2b4000',)",2.5
5,"('https://images.unsplash.com/photo-1588819220662-2f2d03c66b63',)",1.5
4,"('https://images.unsplash.com/photo-1591023389381-5bb86fd3e132',)",2.0
2,"('https://images.unsplash.com/photo-1592769606534-fe78d27bf450',)",2.0
2,"('https://images.unsplash.com/photo-1591429545638-d696e5fd18ad',)",0.5
3,"('https://images.unsplash.com/uploads/1412451503663912b1a68/d80831b2',)",2.5
10,"('https://images.unsplash.com/photo-1422106890650-ab9795fd8703',)",2.0
6,"('https://images.unsplash.com/photo-1418983380031-59cc3fd00543',)",0.0
8,"('https://images.unsplash.com/photo-1425913397330-cf8af2ff40a1',)",2.0
2,"('https://images.unsplash.com/photo-1433769614376-f7231cd16a55',)",1.5
10,"('https://images.unsplash.com/photo-1437239188634-1b06579eb5df',)",1.5
3,"('https://images.unsplash.com/photo-1440966479584-b5f0e408ce97',)",2.0
4,"('https://images.unsplash.com/photo-1440418230152-f781d493929a',)",2.0
7,"('https://images.unsplash.com/photo-1444454508600-22e585108a04',)",1.5
4,"('https://images.unsplash.com/photo-1445836582430-ea78bcb6722e',)",1.0
10,"('https://images.unsplash.com/photo-1446155796237-839bbe72dda2',)",0.0
8,"('https://images.unsplash.com/photo-1447014886653-534c5b8b85c1',)",2.0
2,"('https://images.unsplash.com/photo-1460410663579-516ee96d3d41',)",2.5
1,"('https://images.unsplash.com/photo-1463046673435-10fcca63bc16',)",2.5
5,"('https://images.unsplash.com/photo-1464858597059-e1ba14409edc',)",1.5
1,"('https://images.unsplash.com/photo-1469296052167-c190a7e4bdba',)",2.5
8,"('https://images.unsplash.com/photo-1467639833805-76aed7addc01',)",1.0
4,"('https://images.unsplash.com/photo-1471896166909-46927a36deb6',)",0.5
7,"('https://images.unsplash.com/photo-1471407130623-3b2076a81b7f',)",0.0
5,"('https://images.unsplash.com/photo-1476041800959-2f6bb412c8ce',)",1.5
10,"('https://images.unsplash.com/photo-1477480299639-9a4e0a0003b9',)",1.5
7,"('https://images.unsplash.com/photo-1480358803394-dd891202f9c2',)",1.5
3,"('https://images.unsplash.com/photo-1482434865268-fd1f7243678e',)",1.5
3,"('https://images.unsplash.com/photo-1485115280747-009a168a3f83',)",0.5
